<?xml version="1.0" encoding="utf-8"?>
<resources>

    <string-array name="font_size_entries">
        <item>작게</item>
        <item>보통</item>
        <item>크게</item>
    </string-array>
    <string-array name="font_size_values">
        <item>11.0f</item>
        <item>15.0f</item>
        <item>20.0f</item>
    </string-array>

    <string-array name="theme_color_entries">
        <item>파랑</item>
        <item>초록</item>
        <item>보라</item>
    </string-array>
    <string-array name="theme_color_values">
        <item>#00008B</item>
        <item>#008000</item>
        <item>#9400D3</item>
    </string-array>

</resources>
